Contrast,Dissimilarity,Energy,ASM,Correlation
741.2839351675963,17.648756610260264,0.011585836038868733,0.00013543416856893442,0.8951613176757263
154.6321134844841,7.556797903477895,0.028105771987937574,0.0007916747685691741,0.8799888846253998
725.9409455122884,18.812722601522754,0.010930854689107612,0.00011970470643473779,0.8634879947404326
771.0812363585809,17.878452244828758,0.01136846675221135,0.00013021038179557317,0.8739455934389392
695.6796095537767,17.113789415588776,0.011760419318979027,0.00013963080981071742,0.8947686484120673
133.44890684715892,7.194944213052727,0.03340515680065723,0.0011179564553099963,0.8828143536764105
735.246008148671,17.08000526223963,0.012892962590985343,0.0001672347268678502,0.904455745973266
698.0615516172952,18.091563167808626,0.011423509955672062,0.0001307917893173546,0.8743727622756625
702.5737401356354,17.217646068226905,0.011693170345605058,0.00013717690482575222,0.8992954240088208
