Contrast,Dissimilarity,Energy,ASM,Correlation
1452.0637923711802,26.92746010668868,0.00963386847671301,9.337023941706832e-05,0.7937070804556475
368.1146154803124,12.486775303056744,0.02219054159012039,0.000492736334545015,0.7141918934331807
1533.119067561626,28.899484420221786,0.00914053881465419,8.359087019089888e-05,0.70896743206963
1549.765056443675,27.491669041210898,0.009448660257623098,8.958222613891541e-05,0.7443178832017835
1396.1458738614797,26.325477713296316,0.009565764074240821,9.176067481727628e-05,0.7884310576422133
280.90920832697674,11.194141588044829,0.02808816366893298,0.0007903682962180145,0.743166260785486
1426.6237457544846,26.015740120887447,0.010373912331843479,0.00010794370147168099,0.8138079007620153
1461.4798881997795,27.824663412165737,0.009400613576759342,8.843045096260379e-05,0.7350161080597819
1414.075133392742,26.433538395675065,0.009473654889333138,8.980920477887113e-05,0.7958983769780659
